CustomerID,CreditScore,Geography,Gender,Age,Tenure,Balance,NumOfProducts,HasCrCard,IsActiveMember,EstimatedSalary,Exited
10001,452,France,Male,82,6,162079.5,4,0,0,35791.71,1
10002,785,Spain,Male,84,1,18526.36,3,0,1,195713.25,1
10003,698,France,Male,69,5,93867.23,3,1,0,193227.11,1
10004,620,Germany,Female,79,5,200953.64,3,1,1,41108.5,1
10005,456,Spain,Male,40,2,108368.06,3,1,1,66890.39,0
10006,421,France,Male,43,5,249295.59,3,0,0,29029.45,0
10007,538,Germany,Male,85,9,139764.82,4,1,0,61626.34,1
10008,370,Spain,Male,72,9,80290.54,1,0,0,165031.6,0
10009,452,Spain,Female,23,4,55027.83,1,0,1,81879.97,0
10010,471,France,Female,52,1,87630.13,3,0,1,26795.42,1
10011,816,France,Female,39,8,93133.32,4,1,0,75022.85,0
10012,564,France,Male,60,7,17178.42,2,1,0,196462.83,0
10013,680,Germany,Male,32,2,92393.55,2,0,1,129639.88,0
10014,808,France,Female,77,7,116059.63,4,1,1,89070.58,0
10015,437,Spain,Male,29,8,180684.44,3,0,0,41642.32,0
10016,722,Spain,Male,66,2,164182.37,1,0,1,197373.59,0
10017,449,France,Female,59,2,177191.41,4,1,0,165961.31,1
10018,709,France,Female,55,1,2090.92,2,0,0,63480.69,0
10019,501,Spain,Female,62,7,54416.85,2,0,0,23313.05,0
10020,480,Germany,Female,52,9,165421.07,2,1,1,20758.86,0
10021,499,France,Male,47,0,120997.34,3,0,1,32871.85,0
10022,658,France,Male,47,7,1328.37,2,0,1,120346.03,0
10023,607,Spain,Female,23,6,201123.66,4,0,1,186465.05,0
10024,693,France,Male,84,6,193202.39,4,0,0,104381.25,1
10025,841,Germany,Female,24,2,137104.79,2,0,1,170159.64,0
10026,763,Spain,Female,69,0,16615.83,4,0,0,94718.46,1
10027,643,France,Male,31,3,191628.76,2,0,0,144630.87,0
10028,735,Spain,Female,90,8,145928.4,2,1,0,149055.82,0
10029,541,France,Male,32,4,195489.99,1,1,1,43053.1,0
10030,793,France,Male,38,0,187936.75,3,0,0,78631.05,0
10031,626,France,Male,52,4,200750.52,3,0,0,131087.41,1
10032,510,Germany,Male,83,7,129502.02,1,1,1,23432.36,0
10033,809,Germany,Female,19,7,35081.13,1,1,0,78692.64,0
10034,663,Spain,Male,52,4,167789.37,3,1,1,111611.9,1
10035,371,France,Female,37,8,155118.45,2,1,1,199282.65,0
10036,602,France,Female,27,0,185563.3,2,1,1,100161.38,0
10037,585,Germany,Female,42,3,42470.25,3,0,0,165050.78,1
10038,694,France,Female,83,2,48743.8,2,1,1,92092.78,0
10039,398,Germany,Male,42,1,222602.38,1,1,1,161314.24,0
10040,824,France,Male,71,7,187494.45,2,1,1,123128.81,0
10041,408,Spain,Female,50,6,227057.12,2,0,1,178453.13,0
10042,519,France,Female,53,8,189678.83,4,0,0,88079.08,1
10043,825,France,Male,31,1,149288.83,4,0,1,124817.84,0
10044,537,Germany,Female,82,3,163533.18,4,0,0,129703.55,1
10045,813,France,Male,71,5,222281.98,2,0,1,89302.76,0
10046,620,France,Female,69,2,144701.69,3,0,0,37419.29,1
10047,539,Germany,Male,20,7,158097.83,1,1,1,27776.29,0
10048,795,Spain,Female,58,2,39119.18,2,0,0,13167.59,1
10049,524,Spain,Female,23,1,118480.31,3,0,1,175971.51,0
10050,795,Germany,Male,42,2,179099.28,2,1,0,54930.23,0
10051,400,Germany,Female,30,5,67735.67,1,0,0,50186.28,0
10052,713,Germany,Female,25,1,50563.55,2,1,0,149846.73,0
10053,404,Germany,Male,38,7,78456.7,1,1,1,70803.06,0
10054,593,Germany,Female,85,0,60375.16,2,0,0,106148.49,1
10055,669,Spain,Male,42,6,53728.16,1,1,0,40877.1,0
10056,480,Spain,Male,85,1,106212.71,2,1,0,192351.69,0
10057,834,Germany,Female,62,9,226959.63,1,1,0,171800.47,1
10058,656,France,Female,77,5,126764.91,4,1,1,174120.03,0
10059,484,Germany,Female,29,1,46980.1,2,0,0,87287.01,0
10060,370,France,Female,49,1,19242.92,2,1,0,154848.63,0
10061,678,Germany,Female,30,9,174039.04,3,0,0,37336.47,1
10062,516,Germany,Female,48,7,95699.69,3,1,1,11637.61,0
10063,623,Spain,Female,37,1,205457.74,1,1,0,13794.86,0
10064,737,France,Male,35,6,164877.69,2,1,0,121454.33,0
10065,438,France,Female,77,2,199060.36,1,0,0,96525.03,0
10066,665,Spain,Male,80,7,67986.51,4,0,0,108422.92,1
10067,363,Spain,Female,23,6,173089.73,3,0,1,11418.0,0
10068,591,Spain,Female,49,7,66015.5,1,1,0,90310.46,0
10069,614,Spain,Male,60,6,234767.12,1,1,0,146432.95,0
10070,695,France,Female,19,5,159093.57,3,1,1,94111.8,0
10071,402,France,Female,77,6,81127.95,2,1,1,149121.65,0
10072,735,Germany,Male,40,4,67377.97,1,0,1,54273.6,0
10073,689,Germany,Female,48,6,47731.65,3,1,0,164496.98,1
10074,441,Spain,Female,22,0,173660.24,2,0,1,121801.94,0
10075,716,Spain,Female,51,0,54678.9,4,1,0,50044.99,1
10076,793,Spain,Male,27,8,148825.82,3,0,1,54976.89,0
10077,804,Germany,Female,19,4,66158.76,1,0,0,129325.79,0
10078,777,Germany,Female,28,4,165492.24,4,1,1,167688.52,1
10079,613,Germany,Female,67,2,203734.93,2,1,0,88969.28,1
10080,780,Germany,Female,48,4,194506.31,2,0,1,59077.08,0
10081,384,Germany,Male,73,2,190212.83,3,1,0,174732.21,1
10082,555,Germany,Male,90,8,46930.6,3,1,0,137160.98,1
10083,430,Germany,Female,26,8,22096.24,3,0,0,95136.24,1
10084,769,Spain,Female,38,5,174737.21,2,0,0,102701.04,0
10085,399,Spain,Male,90,0,92086.8,4,0,0,48808.73,1
10086,709,Spain,Male,45,6,108086.56,2,0,0,129092.5,0
10087,737,Spain,Female,79,6,7787.27,1,1,0,78161.08,0
10088,351,Germany,Male,24,9,64894.11,2,0,0,199172.58,0
10089,739,France,Female,33,9,8419.1,1,0,1,101234.87,0
10090,403,Germany,Male,21,3,219796.44,4,0,0,102318.27,1
10091,455,France,Male,21,7,60849.17,3,1,0,117511.84,0
10092,609,Spain,Male,57,5,139334.29,3,0,1,184183.64,1
10093,659,Germany,Male,34,3,9744.83,2,1,0,162155.44,0
10094,826,Spain,Female,69,3,166711.85,3,0,1,95714.71,0
10095,540,Germany,Male,69,1,80756.84,4,0,0,146552.86,1
10096,751,Spain,Male,53,1,224479.8,3,1,1,121384.74,1
10097,567,France,Female,55,3,222029.55,2,0,1,103549.74,0
10098,393,France,Male,67,4,81322.65,4,0,0,46540.0,1
10099,511,France,Male,80,7,225240.22,1,1,1,98147.89,0
10100,551,Germany,Female,80,5,249039.42,2,0,0,56705.53,1
10101,795,France,Male,79,3,206353.92,1,0,0,183820.01,0
10102,833,Germany,Female,24,6,211217.84,4,0,0,73727.29,1
10103,619,France,Female,44,7,62252.18,2,0,0,190930.16,0
10104,700,France,Female,31,1,144175.6,2,1,1,111280.51,0
10105,653,Germany,Female,88,6,16813.98,4,0,0,129993.43,1
10106,620,Germany,Male,22,1,23729.48,3,1,1,113158.68,0
10107,805,France,Female,72,1,249723.15,2,0,1,34582.32,0
10108,811,Germany,Male,19,7,81659.81,2,1,0,81406.03,0
10109,564,France,Male,79,1,187045.98,1,0,0,28837.76,0
10110,601,Germany,Male,38,8,201666.26,3,1,0,128361.27,1
10111,539,Spain,Male,38,0,214505.82,1,0,0,94906.1,0
10112,645,Spain,Male,27,8,249407.07,1,1,1,157817.14,0
10113,562,Spain,Male,75,0,60374.12,3,1,0,51889.39,1
10114,557,Spain,Male,56,9,10087.71,3,0,1,41267.55,0
10115,586,Spain,Male,22,9,102797.88,4,1,0,87203.12,0
10116,687,France,Male,82,1,32520.17,3,0,0,186051.22,1
10117,716,Spain,Male,30,5,5606.47,2,0,0,144980.14,0
10118,402,Spain,Female,70,5,90106.71,3,0,0,89595.49,1
10119,629,Spain,Female,62,0,195934.56,4,0,1,108281.71,0
10120,759,Spain,Female,49,6,141545.17,4,0,1,26000.47,0
10121,566,Germany,Male,53,7,78194.5,4,1,0,197069.42,1
10122,601,France,Female,77,1,163585.5,3,0,1,136617.39,1
10123,537,Spain,Female,28,7,58004.55,3,0,1,64226.77,0
10124,729,Spain,Female,80,8,3595.36,1,0,0,121303.59,0
10125,842,Spain,Male,38,5,191088.35,1,0,0,30801.65,0
10126,390,France,Male,69,4,155935.77,2,0,1,193508.97,0
10127,506,Germany,Male,72,8,190575.66,1,0,1,43209.15,0
10128,364,France,Male,43,8,9734.5,2,1,1,133125.76,0
10129,650,Germany,Female,85,0,209279.91,4,1,1,56636.35,1
10130,414,Spain,Female,51,2,154881.55,1,0,0,146336.66,0
10131,694,Spain,Female,69,8,140848.84,3,1,0,157596.06,1
10132,676,France,Female,69,1,156153.51,1,0,1,137949.75,0
10133,358,France,Male,46,3,216108.31,2,0,0,126754.9,0
10134,693,Germany,Male,55,3,146734.13,1,0,1,179569.13,1
10135,478,Germany,Male,59,1,145237.59,4,0,1,24939.08,1
10136,841,France,Female,38,2,247669.79,3,0,0,72873.81,0
10137,485,Germany,Male,59,2,189182.54,2,1,1,57174.62,0
10138,821,France,Male,30,0,110573.45,3,1,1,197722.65,0
10139,412,Germany,Female,81,5,176849.25,3,1,0,83984.06,1
10140,488,France,Female,34,7,97307.62,2,1,0,149196.41,0
10141,848,France,Male,26,2,57218.87,3,0,1,140097.78,0
10142,430,France,Male,58,4,149212.97,3,1,1,50295.44,1
10143,741,Germany,Male,18,0,232045.52,1,0,0,55409.56,0
10144,512,Germany,Male,19,9,232284.88,3,1,1,63444.07,0
10145,768,Germany,Male,77,6,85476.32,3,1,1,88114.18,1
10146,638,France,Male,65,9,131919.37,3,1,0,54521.76,1
10147,728,Germany,Female,46,0,52908.97,3,1,0,13733.78,1
10148,610,Germany,Female,27,8,248907.78,2,0,0,177084.68,0
10149,839,France,Female,75,7,245279.48,4,1,0,193465.87,1
10150,580,Spain,Male,77,6,162377.23,1,1,0,74898.37,0
10151,390,France,Female,38,9,201103.51,3,0,0,74316.31,0
10152,377,Germany,Male,45,6,178775.04,3,0,1,11347.44,0
10153,484,France,Male,51,4,148289.55,2,1,1,139247.63,0
10154,550,Spain,Female,25,4,13337.0,4,0,0,166833.58,0
10155,677,France,Male,76,4,113691.09,3,0,0,37855.58,1
10156,617,Germany,Male,89,0,168696.58,2,0,1,40336.61,0
10157,767,Spain,Female,66,7,169382.9,1,1,1,160115.82,0
10158,382,Germany,Female,34,0,93280.65,1,0,1,127095.24,0
10159,397,Spain,Female,77,3,235423.0,3,1,0,18523.51,1
10160,756,Spain,Male,62,8,41839.26,3,1,0,128283.93,1
10161,411,France,Female,86,8,125089.86,4,1,1,68694.37,0
10162,565,France,Female,49,4,172720.99,4,1,0,80057.78,0
10163,642,Germany,Male,61,3,174283.95,3,0,0,156248.97,1
10164,448,France,Female,82,2,162159.74,2,1,0,164077.69,0
10165,521,France,Female,25,2,68822.05,4,0,1,86067.76,0
10166,709,Spain,Female,89,4,39051.64,3,1,1,189959.06,0
10167,563,France,Male,60,9,158985.08,4,0,0,87227.92,1
10168,824,Spain,Male,18,0,149825.53,3,1,0,156648.85,0
10169,384,Spain,Male,68,4,44839.0,1,0,0,101936.68,0
10170,798,Spain,Male,41,5,176284.79,3,1,0,180531.14,0
10171,576,Germany,Female,41,6,113793.0,1,1,0,182474.64,0
10172,450,Germany,Male,34,8,166940.15,4,0,1,26609.19,0
10173,780,Germany,Male,22,2,209341.77,3,1,0,187933.73,1
10174,811,Spain,Female,37,1,42432.11,4,1,0,166851.62,0
10175,480,Germany,Female,38,2,4786.22,1,1,0,160349.04,0
10176,606,Germany,Female,75,8,194775.65,3,0,1,48173.15,1
10177,354,France,Male,48,6,152424.36,4,1,1,162972.65,0
10178,567,Germany,Male,28,8,174909.89,1,1,0,171525.22,0
10179,604,Germany,Male,69,1,209538.74,4,0,1,64938.56,1
10180,747,Spain,Female,32,4,200702.73,2,0,1,190929.41,0
10181,708,Spain,Female,24,3,240230.04,1,0,1,19473.43,0
10182,632,Spain,Male,45,1,133983.77,1,0,1,38482.76,0
10183,742,Spain,Female,68,8,122123.91,1,0,1,112140.42,0
10184,556,Spain,Female,75,8,100471.8,3,1,1,119400.57,0
10185,364,Spain,Female,22,5,38422.76,3,1,0,132578.52,0
10186,695,Germany,Male,22,5,143151.81,3,1,1,13224.13,0
10187,391,Spain,Female,25,7,69253.13,2,0,1,192469.69,0
10188,729,Spain,Female,81,5,230326.88,2,1,0,18471.74,0
10189,810,France,Male,27,0,145797.7,1,0,0,37181.77,0
10190,528,Germany,Male,55,3,148210.05,2,0,0,12662.76,1
10191,412,Germany,Female,25,6,88731.17,4,1,0,117703.1,1
10192,701,Germany,Female,42,1,12997.34,1,0,1,187130.71,0
10193,580,Spain,Male,90,8,7935.94,1,0,1,136529.96,0
10194,590,Spain,Male,83,7,105833.79,4,1,1,166304.92,1
10195,401,Spain,Female,67,7,21141.34,1,0,1,12523.43,0
10196,445,France,Female,84,6,151711.74,2,0,0,112982.91,0
10197,737,Spain,Female,66,3,220243.25,3,1,1,97316.97,1
10198,571,France,Female,53,1,220728.7,4,0,1,104803.91,1
10199,834,Germany,Male,85,2,164761.35,2,0,0,23720.51,1
10200,756,Spain,Female,58,5,52807.96,4,1,1,140042.72,1
10201,580,France,Female,79,4,215749.21,4,1,1,105611.88,0
10202,586,France,Male,27,7,221523.36,1,1,1,155378.28,0
10203,492,Spain,Female,38,5,49163.4,1,1,1,102205.22,0
10204,520,Germany,Male,53,5,184356.52,2,0,0,38382.51,1
10205,378,Germany,Female,29,0,71629.89,4,0,0,133168.82,1
10206,385,Germany,Female,19,3,200660.08,1,1,0,42753.41,0
10207,362,France,Male,30,4,249309.47,1,0,0,175754.97,0
10208,509,France,Male,70,2,7506.5,4,0,0,126492.09,1
10209,676,France,Female,49,8,224341.47,2,1,1,39868.74,0
10210,536,France,Female,33,0,155657.63,2,1,1,192844.23,0
10211,592,Germany,Female,49,5,243345.65,4,0,0,108489.44,1
10212,435,Spain,Male,49,5,116252.38,2,1,0,23850.71,0
10213,633,France,Female,28,9,211846.98,1,1,0,129098.25,0
10214,415,France,Male,27,4,15598.52,4,1,1,58107.79,0
10215,519,Germany,Male,32,4,83819.76,1,0,0,162701.76,0
10216,394,Spain,Female,34,9,16754.13,3,1,1,165386.19,0
10217,411,Spain,Male,57,4,243835.78,3,0,1,196000.0,0
10218,790,Germany,Female,35,5,204243.48,2,0,1,105355.21,0
10219,483,Germany,Female,72,7,213136.86,3,0,1,96441.81,1
10220,633,Spain,Female,90,1,234491.31,1,1,0,153160.37,0
10221,377,France,Female,42,5,21275.87,3,1,1,35169.42,0
10222,457,Spain,Female,76,0,96399.4,1,1,1,113913.95,0
10223,393,Germany,Male,39,3,17758.72,2,1,0,113787.04,0
10224,689,France,Male,47,9,52698.28,2,1,1,26999.89,0
10225,635,France,Female,61,2,57341.44,1,0,1,89416.98,0
10226,795,Germany,Female,49,8,117276.8,3,0,1,172124.11,0
10227,680,Germany,Male,68,2,67140.54,2,0,0,172669.19,1
10228,477,Germany,Male,63,5,25244.53,4,1,1,28855.16,1
10229,697,Spain,Male,38,0,41872.77,2,0,1,27236.97,0
10230,822,Spain,Male,49,5,36818.89,3,0,0,59912.14,1
10231,580,France,Female,56,3,243269.2,4,1,0,176205.55,1
10232,539,Germany,Female,29,7,189823.13,3,1,1,34491.49,0
10233,574,France,Male,64,8,241940.37,1,0,1,146799.39,0
10234,734,France,Female,35,3,109935.12,4,0,0,29221.47,0
10235,726,France,Male,38,9,69592.12,3,1,1,128396.19,0
10236,632,France,Female,30,9,199573.3,4,1,0,77652.79,0
10237,795,Germany,Male,38,5,81563.48,3,1,1,159893.65,0
10238,470,France,Female,25,0,74845.84,4,1,0,54401.19,0
10239,465,Germany,Male,63,3,58126.5,3,0,1,131448.35,1
10240,810,Germany,Male,24,6,32419.74,1,0,0,54779.68,0
10241,582,Spain,Female,40,0,64115.77,4,1,0,145595.45,0
10242,608,Germany,Male,39,7,88829.94,4,0,0,175998.83,1
10243,708,Spain,Female,39,9,168498.55,4,0,0,34092.34,0
10244,547,Germany,Female,46,5,15641.21,4,1,0,174653.18,1
10245,805,Germany,Male,30,4,52626.73,1,0,1,122779.3,0
10246,760,Germany,Female,19,9,202255.91,4,0,1,34150.99,0
10247,486,Spain,Female,46,8,36730.48,2,0,0,91232.95,0
10248,667,Spain,Female,69,1,85661.29,1,1,1,40563.46,0
10249,514,France,Female,44,4,216164.73,2,1,1,143066.1,0
10250,574,Spain,Female,67,5,38731.33,4,0,1,154184.95,1
10251,656,Spain,Male,40,6,20684.21,3,1,1,30101.34,0
10252,583,Spain,Female,61,4,121134.5,2,1,1,106166.57,0
10253,521,Spain,Female,39,8,75604.88,4,1,1,164778.76,0
10254,501,France,Female,60,0,140852.09,2,0,0,187870.98,0
10255,812,Spain,Female,54,6,200951.22,4,0,1,107568.39,0
10256,664,Germany,Female,78,9,34287.12,4,1,1,190553.05,1
10257,723,Germany,Male,73,6,145174.77,4,0,1,111780.9,1
10258,509,Spain,Female,20,3,126377.19,3,0,0,84896.19,0
10259,445,Spain,Male,80,8,36019.7,2,0,1,171158.59,0
10260,821,Germany,Male,36,4,155999.62,1,0,1,103666.71,0
10261,582,Germany,Male,40,3,68410.1,1,0,1,99661.48,0
10262,529,France,Male,46,6,121958.58,1,1,0,103159.37,0
10263,462,Germany,Female,47,3,20568.08,1,0,1,170889.15,0
10264,667,Germany,Male,56,2,114896.01,4,0,0,168068.89,1
10265,846,Spain,Male,42,8,76615.87,2,0,1,86668.8,0
10266,791,Germany,Female,25,7,205595.3,2,1,0,73326.97,0
10267,401,France,Female,75,0,14244.68,3,1,0,103466.32,1
10268,617,Germany,Female,33,6,104651.82,2,1,0,118826.78,0
10269,644,Spain,Male,89,8,114607.86,2,0,1,55284.07,0
10270,735,Spain,Female,18,7,181251.52,2,1,0,160851.47,0
10271,736,Germany,Female,22,7,143571.89,3,1,0,102431.73,1
10272,462,Spain,Male,20,5,166803.08,1,1,0,73468.65,0
10273,450,France,Female,82,3,194262.32,2,1,0,30295.99,0
10274,462,France,Female,21,7,215550.74,3,0,1,55380.58,0
10275,789,Germany,Female,81,2,78468.87,3,1,1,190363.42,1
10276,430,Germany,Female,27,8,134505.68,4,1,1,67968.94,0
10277,536,Germany,Male,38,1,210027.02,3,0,1,42083.26,1
10278,462,Spain,Female,63,1,247362.78,1,0,0,97527.83,0
10279,351,France,Female,44,6,222379.83,2,1,1,68346.67,0
10280,479,France,Male,83,9,92866.82,3,0,0,16680.26,1
10281,569,Spain,Female,58,3,48791.63,1,1,1,71397.59,0
10282,403,France,Male,30,9,122348.13,3,0,1,113380.64,0
10283,692,Germany,Female,26,7,185410.36,3,0,1,114825.35,0
10284,834,Germany,Male,53,8,123142.27,3,1,0,77746.2,1
10285,573,Germany,Male,75,6,120795.22,3,0,1,94987.52,1
10286,574,France,Male,71,4,209557.61,3,1,1,193448.4,0
10287,734,Germany,Male,29,7,90350.94,1,0,1,81696.21,0
10288,752,Spain,Female,31,3,214948.67,2,1,0,59063.09,0
10289,475,Spain,Male,51,1,101701.2,2,0,1,56258.74,0
10290,479,France,Female,70,5,82058.28,2,0,1,96975.28,0
10291,402,Spain,Male,37,8,113497.48,2,0,0,154308.83,0
10292,521,Spain,Male,33,0,190611.74,1,0,0,49137.75,0
10293,567,France,Male,87,9,31500.51,4,0,1,144766.26,0
10294,509,Germany,Female,73,6,49104.8,4,1,1,14018.47,1
10295,547,Germany,Male,75,9,237861.21,1,0,1,89597.27,0
10296,765,Germany,Female,21,8,43872.91,1,1,0,157414.36,0
10297,596,France,Female,21,9,141931.83,3,1,0,74359.26,1
10298,673,Spain,Female,37,8,144828.62,3,1,0,117110.05,0
10299,788,Germany,Female,27,9,122406.12,3,0,1,48946.05,1
10300,552,Germany,Female,41,2,161186.31,2,1,0,150979.12,0
10301,533,France,Female,43,4,57456.68,3,0,1,19933.03,0
10302,472,Germany,Female,54,7,138165.57,4,1,0,171983.1,1
10303,750,France,Female,71,7,93043.31,2,1,0,47657.31,0
10304,604,Spain,Female,38,3,165416.81,3,1,0,176135.63,0
10305,643,France,Male,91,0,35305.89,2,1,1,76980.56,0
10306,629,France,Male,55,0,142719.35,4,1,1,147309.88,0
10307,674,France,Male,63,3,46317.59,3,0,1,70652.81,1
10308,721,France,Male,21,5,69660.77,4,1,1,182123.22,0
10309,447,Spain,Male,77,7,54677.45,4,1,0,34061.05,1
10310,547,Spain,Female,74,5,45709.44,4,0,1,43918.76,1
10311,819,Germany,Female,62,8,206427.74,3,0,0,103675.72,1
10312,744,Spain,Female,37,8,71426.89,1,0,1,25568.3,0
10313,589,Spain,Female,34,1,231780.95,3,1,1,47236.24,0
10314,493,Germany,Female,88,9,242481.63,4,1,0,189315.61,1
10315,446,Spain,Female,21,0,142815.12,3,1,0,195533.04,0
10316,550,France,Female,31,1,35750.28,4,1,1,81489.27,0
10317,473,France,Male,20,4,93637.06,1,1,1,185424.34,0
10318,536,Germany,Male,75,3,199433.07,2,1,0,113516.69,1
10319,675,Germany,Male,72,3,91847.68,1,0,0,61251.07,1
10320,813,Germany,Male,21,8,21754.3,1,0,0,143455.76,0
10321,698,France,Female,41,7,139196.23,2,1,0,135191.34,0
10322,608,Spain,Female,51,5,211280.21,3,1,0,197933.81,1
10323,497,France,Female,47,0,198981.6,2,1,1,60358.98,0
10324,601,Germany,Male,36,1,43780.79,3,1,1,137691.31,0
10325,792,Spain,Female,48,5,168191.15,3,1,1,19884.51,0
10326,769,Spain,Female,77,1,55126.07,4,0,1,31592.75,0
10327,752,France,Female,77,9,54551.88,4,0,0,10744.49,1
10328,695,Germany,Male,36,4,218517.94,2,1,0,199897.53,0
10329,800,France,Female,66,4,62417.24,1,0,0,162432.0,0
10330,496,Spain,Male,80,5,65811.84,2,1,1,159477.37,0
10331,497,France,Male,39,5,163.35,3,1,0,106847.95,0
10332,701,France,Male,41,5,217667.26,4,1,0,67012.75,0
10333,548,Germany,Male,47,1,198148.7,2,0,1,38740.21,0
10334,657,Germany,Female,75,9,156832.23,2,0,1,64088.2,0
10335,838,Spain,Male,48,2,187566.44,4,1,1,81434.53,0
10336,766,France,Male,81,5,38012.14,4,0,0,153698.92,1
10337,773,France,Female,36,7,114580.9,4,0,0,112535.74,0
10338,477,France,Female,65,0,87804.85,3,1,1,24721.89,0
10339,388,Spain,Male,62,0,23444.13,4,0,1,13425.51,0
10340,687,Spain,Female,72,1,121532.62,1,0,0,29443.11,0
10341,709,Germany,Male,72,5,230184.91,2,1,1,87994.76,0
10342,478,Germany,Male,35,8,10014.78,4,1,0,187306.65,1
10343,616,Germany,Male,80,3,72865.23,4,0,1,131106.47,1
10344,825,France,Male,64,2,51885.23,3,1,1,162346.92,0
10345,790,France,Female,74,7,59536.66,3,0,1,98611.17,0
10346,822,Germany,Male,62,9,227108.64,2,1,0,78716.56,0
10347,783,France,Female,50,8,117017.26,1,1,0,30596.07,0
10348,500,Germany,Female,34,4,116574.85,2,1,1,176427.27,0
10349,764,Spain,Female,87,8,190143.91,4,1,0,158800.41,1
10350,827,Germany,Female,21,1,38623.05,1,0,1,41942.44,0
10351,647,Spain,Male,37,2,121816.34,1,1,1,107329.51,0
10352,448,France,Female,64,6,107496.3,1,1,0,102601.21,0
10353,612,Germany,Male,32,6,149227.67,1,1,0,128767.4,0
10354,601,France,Female,87,5,249889.43,2,0,0,189775.51,0
10355,493,Spain,Female,64,5,192362.22,3,0,0,120156.57,1
10356,695,Spain,Male,26,1,99466.43,3,1,1,112641.28,0
10357,461,Spain,Male,33,9,206888.26,4,1,0,19561.36,0
10358,849,France,Male,86,5,42677.09,3,1,0,21952.42,1
10359,409,France,Female,78,3,7615.92,3,1,1,45595.89,1
10360,718,France,Female,27,2,51112.09,3,1,1,16169.45,0
10361,351,France,Male,67,1,85102.89,3,1,1,151237.05,0
10362,734,Spain,Male,20,0,127645.19,4,0,1,147432.76,0
10363,653,Spain,Male,87,4,153782.29,2,1,0,35850.68,0
10364,603,Germany,Male,68,1,227651.43,1,1,0,168854.99,1
10365,489,Germany,Female,36,1,127463.5,3,1,1,39409.35,0
10366,802,France,Male,59,6,125318.91,2,1,1,67223.36,0
10367,386,Spain,Male,52,7,12560.75,3,1,0,57305.61,1
10368,509,Spain,Male,63,9,8727.89,3,1,0,80738.35,1
10369,358,Spain,Male,43,7,137789.99,1,0,0,58386.12,0
10370,582,Germany,Female,86,3,109544.65,1,0,0,102900.68,1
10371,448,Germany,Male,81,0,209795.1,1,0,0,87407.5,1
10372,496,Spain,Female,54,6,40169.9,3,0,1,197448.2,1
10373,653,Spain,Male,66,0,6242.92,3,0,1,20626.01,1
10374,557,Spain,Male,38,3,112259.69,3,0,1,37014.46,0
10375,480,Germany,Female,91,7,59369.64,1,1,1,20036.92,0
10376,753,Spain,Male,81,1,12403.59,4,1,0,128909.83,1
10377,501,Spain,Female,22,5,181149.57,2,1,1,20356.76,0
10378,403,France,Female,87,5,27898.25,4,1,0,168923.55,1
10379,469,France,Male,21,8,152079.88,3,1,0,107268.34,0
10380,510,Germany,Female,56,4,70262.44,3,1,0,110131.45,1
10381,757,Spain,Female,52,9,43374.01,4,0,0,116702.96,1
10382,465,Spain,Female,18,3,94937.88,3,1,0,42454.6,0
10383,424,France,Female,41,4,200361.44,2,0,0,47561.16,0
10384,462,Germany,Female,74,9,98023.39,3,0,0,70575.29,1
10385,805,France,Female,87,4,187692.41,2,1,1,122764.32,0
10386,769,France,Female,58,7,31371.57,4,1,0,49922.38,1
10387,771,France,Female,71,9,193192.85,4,1,1,32103.03,0
10388,453,France,Male,63,7,59233.33,3,1,1,194322.21,1
10389,689,Spain,Male,77,1,169348.28,2,1,0,14176.54,0
10390,603,Spain,Female,77,6,141445.39,3,1,0,162512.51,1
10391,576,France,Male,74,7,232286.18,1,1,1,159726.68,0
10392,461,Germany,Female,48,5,96830.63,1,0,1,66470.68,0
10393,822,Germany,Female,41,4,16541.3,1,1,1,35769.06,0
10394,448,Germany,Male,53,8,4788.87,1,1,1,37669.44,0
10395,502,Germany,Female,47,2,206714.64,3,0,0,142512.01,1
10396,698,France,Female,41,9,131183.91,1,1,0,132133.25,0
10397,751,Spain,Female,47,3,193811.01,2,1,0,158721.68,0
10398,733,Germany,Female,24,8,58606.4,4,0,1,188121.42,0
10399,715,France,Male,52,5,86270.94,4,1,0,141466.2,1
10400,687,Germany,Female,72,7,7525.97,1,1,1,39611.79,0
10401,543,Germany,Female,31,6,240373.08,1,1,0,56254.1,0
10402,659,France,Female,27,1,166966.98,1,1,1,170016.81,0
10403,512,Spain,Male,33,2,233301.27,3,1,0,49768.15,0
10404,557,Spain,Female,71,0,66374.1,4,1,0,23779.24,1
10405,794,France,Male,87,8,152865.9,1,0,1,143623.21,0
10406,518,Spain,Male,61,6,169624.99,2,1,1,86480.01,0
10407,833,France,Female,90,0,79387.43,1,1,1,184807.61,0
10408,510,France,Female,62,2,212027.31,4,0,1,133548.46,0
10409,417,France,Male,73,3,236790.37,1,0,1,27179.61,0
10410,638,Spain,Female,74,3,221213.78,4,1,0,190092.75,1
10411,747,France,Male,38,4,184766.74,1,0,1,59125.88,0
10412,626,Germany,Male,85,2,69366.17,2,1,0,74070.37,1
10413,653,Spain,Female,67,2,70404.01,1,1,0,86429.48,0
10414,753,Spain,Female,50,0,240840.08,2,0,0,19732.62,0
10415,733,Spain,Male,24,6,2571.12,2,1,0,104337.93,0
10416,741,Spain,Male,87,9,179012.49,1,1,0,33430.51,0
10417,484,Germany,Male,32,0,176561.54,2,0,1,86184.36,0
10418,544,Spain,Male,49,1,155672.39,3,0,1,76634.86,0
10419,750,Spain,Female,37,3,247527.21,1,0,0,156839.62,0
10420,477,France,Female,32,3,77969.86,1,0,0,162602.4,0
10421,382,Spain,Female,65,4,84992.97,2,1,1,39148.45,0
10422,525,Germany,Female,88,1,19734.85,2,0,1,79644.73,0
10423,809,Germany,Female,38,3,110699.53,1,0,0,80937.1,0
10424,792,Germany,Male,59,0,65262.13,3,0,1,38767.98,1
10425,720,Germany,Female,43,1,85846.68,2,0,1,161706.17,0
10426,819,Spain,Female,31,0,208642.95,2,0,1,144373.38,0
10427,724,Spain,Female,74,9,233871.13,4,1,0,46172.54,1
10428,371,Germany,Female,54,9,46433.27,3,0,1,79677.16,1
10429,587,Germany,Female,75,3,93127.23,3,1,0,30102.95,1
10430,507,Spain,Male,38,3,232157.64,1,0,0,129359.25,0
10431,387,Germany,Male,86,6,15452.12,3,0,0,33060.67,1
10432,579,France,Male,20,9,23090.13,1,0,0,197327.49,0
10433,714,Germany,Female,54,8,40697.75,4,0,0,158329.59,1
10434,400,Germany,Male,66,8,148803.21,3,0,1,84145.32,1
10435,787,France,Male,36,4,37618.07,2,0,0,119927.15,0
10436,613,France,Female,29,9,242019.1,4,0,0,183154.95,0
10437,632,Spain,Female,78,0,111678.63,1,0,0,115278.86,1
10438,376,Spain,Female,58,0,125379.49,4,1,1,43154.71,0
10439,575,France,Male,50,5,61664.65,1,0,1,81953.64,0
10440,626,France,Male,67,1,117740.06,4,1,1,170197.52,0
10441,635,Spain,Female,85,7,165478.41,1,0,1,132400.47,0
10442,446,Germany,Female,88,8,187794.28,3,1,1,133637.63,1
10443,633,France,Male,50,3,188467.02,2,0,1,174696.08,0
10444,716,Spain,Male,41,4,144472.78,1,0,1,179854.88,0
10445,797,Germany,Female,78,7,226089.94,4,0,0,184760.59,1
10446,830,France,Female,78,2,204351.96,1,1,0,28021.35,0
10447,802,Germany,Male,45,4,189262.03,1,1,1,113383.94,0
10448,666,Spain,Female,75,2,13901.38,1,1,0,150696.81,0
10449,653,France,Male,60,9,1719.49,4,1,0,153816.1,1
10450,496,Germany,Male,58,2,53111.82,2,0,1,125276.08,0
10451,353,France,Male,56,2,165880.9,3,0,0,41689.59,1
10452,384,Germany,Male,66,6,102799.37,2,0,0,161509.91,1
10453,541,Spain,Female,34,6,100601.56,1,1,1,146821.15,0
10454,398,Spain,Female,87,6,221146.72,4,0,0,26365.8,1
10455,366,France,Male,87,9,223890.71,2,1,1,98123.87,0
10456,521,Germany,Male,82,7,227293.82,1,1,1,43055.71,0
10457,569,France,Male,91,4,78469.52,3,1,0,74120.64,1
10458,507,France,Male,22,4,172763.95,3,1,0,13435.41,0
10459,826,Germany,Male,19,3,67908.3,3,1,0,86062.67,1
10460,395,Germany,Female,39,6,47652.46,1,0,1,114476.62,0
10461,722,Germany,Female,74,9,46158.11,4,1,1,127720.69,1
10462,355,Spain,Female,83,3,85526.91,2,1,1,136063.17,0
10463,448,France,Female,91,1,107489.4,3,0,0,168895.35,1
10464,729,France,Male,33,3,207737.29,1,1,0,50937.95,0
10465,582,Spain,Male,68,7,29972.77,1,1,1,32891.55,0
10466,386,Germany,Male,56,8,183731.46,2,0,0,171792.06,1
10467,629,Spain,Male,57,2,132863.73,3,0,0,39756.43,1
10468,698,Spain,Male,55,6,71986.34,1,0,1,195204.42,0
10469,846,Spain,Female,77,8,123204.9,2,1,1,170082.26,0
10470,651,France,Male,76,3,74985.52,4,0,0,105166.56,1
10471,530,Spain,Female,27,9,149020.49,4,0,1,196470.07,0
10472,444,France,Female,81,2,108460.98,4,0,0,28501.58,1
10473,448,France,Female,80,4,41101.38,3,1,1,67582.49,0
10474,537,France,Female,66,0,29145.77,2,0,1,131262.64,0
10475,830,Germany,Male,81,2,136673.92,2,1,1,76501.31,0
10476,465,France,Female,49,7,225603.26,1,1,0,186390.78,0
10477,540,France,Female,24,7,85989.42,1,0,0,22468.96,0
10478,602,Germany,Female,38,3,183250.03,1,1,1,114388.25,0
10479,818,France,Male,37,1,164665.34,2,1,1,122264.59,0
10480,765,Spain,Male,43,7,232888.73,1,0,1,134018.34,0
10481,820,Spain,Male,85,7,205245.25,2,1,0,58576.58,0
10482,510,France,Female,32,9,141651.31,2,0,1,79267.62,0
10483,605,Germany,Female,31,3,164257.62,4,1,1,170299.3,0
10484,672,Spain,Male,44,2,224596.62,1,1,1,47039.13,0
10485,477,Germany,Female,57,1,99879.7,4,0,1,167104.89,1
10486,367,Germany,Male,75,8,81698.68,3,0,0,116904.53,1
10487,630,Spain,Male,45,0,2702.77,3,1,0,154815.63,1
10488,839,Germany,Female,43,6,206637.77,3,1,1,145585.4,0
10489,572,Spain,Female,80,4,200245.18,2,0,0,49427.18,0
10490,403,Germany,Female,83,7,26113.63,2,1,0,118074.42,1
10491,407,Spain,Female,42,3,144214.35,2,1,0,174867.4,0
10492,672,France,Male,20,6,115995.42,1,1,1,92102.08,0
10493,709,Spain,Male,89,4,29677.27,4,1,0,193652.25,1
10494,523,Spain,Male,61,4,245142.06,2,0,0,95920.87,0
10495,629,Spain,Male,59,8,53673.97,4,0,0,37129.27,1
10496,463,Spain,Male,23,8,16808.55,4,0,1,83992.59,0
10497,637,Germany,Female,56,8,148711.84,4,0,1,190823.46,1
10498,780,France,Male,69,5,184716.67,1,0,0,70746.96,0
10499,691,Spain,Male,40,5,8110.86,1,0,0,174938.65,0
10500,500,Germany,Male,67,4,164679.41,3,1,1,177437.63,1
10501,799,France,Female,60,8,133072.97,3,0,1,76535.44,1
10502,476,France,Female,36,9,25816.25,4,1,0,25818.96,1
10503,504,France,Female,86,7,43130.97,3,1,0,147666.0,1
10504,839,France,Female,68,6,141993.57,4,1,1,69187.34,0
10505,735,Spain,Male,28,6,74089.4,1,0,1,158755.49,0
10506,823,Spain,Male,29,5,234578.93,1,1,0,94104.42,0
10507,622,Germany,Female,91,4,204685.06,1,0,1,102200.68,0
10508,453,Germany,Female,25,3,245891.8,2,1,0,157802.79,0
10509,766,Germany,Male,41,2,64917.71,4,1,0,82649.03,1
10510,742,France,Male,58,2,242430.91,1,0,0,94194.2,0
10511,648,France,Female,53,5,107808.47,4,1,1,81476.19,0
10512,595,Spain,Female,89,3,86879.7,3,1,0,79794.7,1
10513,525,France,Female,72,5,12587.38,3,1,0,109929.85,1
10514,388,France,Female,26,2,13191.31,1,1,1,163671.89,0
10515,826,France,Male,64,3,173002.81,4,0,1,78735.98,1
10516,519,Germany,Male,32,8,114482.25,1,1,0,109608.4,0
10517,596,Germany,Male,65,4,56630.41,3,1,0,137438.19,1
10518,375,Spain,Female,59,6,153492.58,1,0,1,61193.49,0
10519,704,France,Female,77,9,63214.53,4,1,1,62729.33,0
10520,655,France,Male,87,1,144407.94,3,1,1,187348.49,1
10521,758,Spain,Male,29,4,89802.19,2,1,0,147471.57,0
10522,757,France,Male,19,8,205888.06,3,1,0,119665.47,1
10523,362,France,Male,24,2,205174.04,2,0,0,133066.81,0
10524,665,Germany,Female,20,8,119337.6,1,1,1,15566.89,0
10525,740,Spain,Male,20,5,87704.78,1,0,0,127439.56,0
10526,662,Spain,Male,44,3,90639.95,4,1,1,106806.69,0
10527,385,Spain,Male,57,6,201428.63,2,1,0,113692.44,0
10528,522,Spain,Male,50,7,82044.87,1,1,1,78290.53,0
10529,369,Germany,Male,18,5,52264.84,2,0,0,25480.04,0
10530,670,Germany,Male,25,4,21172.09,1,1,0,46734.45,0
10531,613,France,Male,49,5,116673.28,3,1,1,190641.5,0
10532,843,France,Female,65,4,120533.02,1,0,1,87652.92,0
10533,749,France,Female,21,7,210227.18,4,0,0,98669.8,0
10534,491,France,Female,87,0,55309.67,3,0,1,20014.86,0
10535,809,Germany,Female,36,6,95247.82,4,0,1,17137.58,0
10536,720,Spain,Male,49,9,202101.43,3,1,0,146264.47,1
10537,820,Germany,Female,26,9,205905.9,2,1,1,112237.99,0
10538,492,France,Female,29,1,96152.77,4,1,0,106654.14,1
10539,441,Germany,Male,28,8,114781.01,1,1,0,56193.66,0
10540,703,Spain,Male,63,0,75821.47,2,0,1,151502.64,0
10541,671,Spain,Female,33,9,233138.72,1,1,1,41964.95,0
10542,637,Germany,Female,18,5,29660.94,3,1,0,46087.6,0
10543,564,Germany,Male,80,8,233437.36,3,1,0,97535.31,1
10544,796,Germany,Female,38,0,170966.61,1,1,0,64393.17,0
10545,691,France,Male,47,3,132893.04,1,0,0,57017.97,0
10546,400,Germany,Male,30,3,8164.77,2,1,0,132595.15,0
10547,502,Germany,Male,51,8,118899.05,1,1,0,133684.63,1
10548,535,Germany,Male,21,4,101937.03,4,1,1,166658.24,0
10549,412,Spain,Female,45,4,40304.7,4,0,1,89364.63,0
10550,539,Spain,Male,76,5,164102.4,1,0,1,23886.17,0
10551,474,France,Male,44,0,242787.73,4,1,0,61996.61,0
10552,499,France,Female,86,0,140547.2,1,1,1,196201.04,0
10553,663,Spain,Male,42,8,178688.32,2,1,0,123289.13,0
10554,407,Spain,Female,20,2,17112.61,4,0,0,144850.05,0
10555,691,Spain,Female,85,3,104416.75,4,1,1,11397.99,0
10556,654,Germany,Female,42,0,29089.62,1,1,0,108459.09,0
10557,529,Germany,Male,37,8,153198.96,4,1,0,17130.44,1
10558,519,Spain,Female,51,7,234620.54,3,0,0,118153.74,1
10559,675,Germany,Female,43,1,165444.43,2,1,0,184946.46,0
10560,620,Germany,Male,22,7,19200.76,2,1,0,193999.63,0
10561,403,France,Female,78,6,88666.55,4,0,0,112705.01,1
10562,840,Spain,Female,26,5,137665.84,4,0,1,97058.91,0
10563,793,Spain,Female,67,0,100801.94,3,1,0,189553.25,1
10564,450,Germany,Female,23,6,208411.0,3,0,0,137985.87,1
10565,830,Spain,Female,77,9,203667.75,4,1,0,22330.86,1
10566,613,France,Male,61,6,152957.76,4,0,0,98487.86,1
10567,402,France,Female,28,8,93364.49,3,0,1,55646.55,0
10568,409,France,Female,83,0,63834.09,1,1,1,99262.82,0
10569,841,Spain,Male,64,1,26468.58,3,1,0,96538.46,1
10570,457,Spain,Male,90,8,88724.42,1,1,0,120607.51,0
10571,354,Spain,Male,20,8,103293.13,2,0,0,77786.39,0
10572,452,Spain,Female,47,5,168955.73,2,1,1,41211.39,0
10573,545,Spain,Male,38,5,164539.96,3,1,1,105706.69,0
10574,611,France,Female,45,3,17527.03,1,1,1,167738.55,0
10575,714,Germany,Female,79,3,98814.83,3,1,1,136162.32,1
10576,829,France,Male,50,4,45444.72,3,1,0,74289.89,0
10577,721,Spain,Male,52,2,39203.18,1,0,1,187749.37,0
10578,699,France,Female,69,0,206825.54,3,1,1,183319.44,0
10579,396,Spain,Male,51,0,10478.8,2,1,0,49776.2,1
10580,704,Spain,Female,58,6,104795.72,4,0,0,17489.34,1
10581,660,France,Male,68,0,42050.91,4,1,1,150848.65,0
10582,773,Spain,Male,64,0,219832.55,3,1,1,167245.95,1
10583,657,Germany,Male,75,2,139260.13,1,1,1,193894.27,0
10584,493,Spain,Female,74,9,57845.16,1,1,1,179068.91,0
10585,618,Germany,Male,40,3,125606.82,2,1,0,124101.61,0
10586,719,Germany,Female,65,3,182871.59,1,0,0,110709.94,1
10587,473,Spain,Female,39,1,239529.5,1,0,1,15289.8,0
10588,455,France,Female,34,0,55111.5,2,0,1,56864.72,0
10589,507,Germany,Female,86,2,221545.44,3,1,1,97326.8,1
10590,496,France,Male,28,3,233576.03,4,0,1,129415.74,0
10591,494,Germany,Female,32,2,229105.14,2,1,1,115877.85,0
10592,469,Spain,Female,52,7,158853.59,3,1,0,151100.84,1
10593,668,Spain,Male,50,9,157455.16,2,1,0,63155.72,0
10594,624,Germany,Female,33,0,100802.66,3,0,0,117341.0,1
10595,441,Spain,Male,51,1,188099.47,2,0,1,26747.03,0
10596,407,Germany,Female,83,6,132823.5,3,0,1,88596.45,1
10597,788,Spain,Male,57,3,169359.52,2,1,0,152530.56,0
10598,695,France,Female,45,7,107114.48,3,0,0,141746.16,0
10599,578,Spain,Male,64,2,182874.12,2,1,1,198222.12,0
10600,823,France,Female,56,5,206117.88,4,0,0,62799.31,1
10601,466,Spain,Female,87,8,36609.06,4,0,1,104655.97,0
10602,667,France,Male,90,0,208232.43,1,1,1,72610.78,0
10603,628,Spain,Male,37,0,135074.13,3,1,0,93714.59,0
10604,476,France,Male,18,7,211166.48,2,0,0,172820.52,0
10605,742,Germany,Male,89,2,107825.43,3,0,0,139999.72,1
10606,745,Germany,Female,80,4,94760.12,4,0,1,177663.83,1
10607,478,France,Female,84,0,228765.18,3,1,1,48667.11,1
10608,407,Spain,Male,21,4,62792.32,2,1,0,175938.61,0
10609,471,France,Female,75,5,211053.08,3,0,1,21354.83,1
10610,350,Spain,Male,42,7,121005.14,2,0,1,178833.86,0
10611,588,Germany,Male,64,2,128523.86,4,1,1,72524.02,1
10612,639,Spain,Female,55,2,77117.07,4,0,0,69771.65,1
10613,445,Germany,Female,32,9,143260.55,4,1,1,107296.83,0
10614,475,Spain,Female,80,8,81302.8,1,1,0,188731.14,0
10615,467,Spain,Female,38,3,9817.35,4,1,0,19078.46,0
10616,397,Spain,Female,74,3,67999.65,3,1,1,76923.89,0
10617,438,France,Female,70,6,1594.76,1,1,0,172748.68,1
10618,837,France,Female,63,1,244588.7,4,1,1,85250.35,1
10619,586,Germany,Male,31,7,241436.8,3,0,0,47839.81,1
10620,722,Germany,Male,34,5,98788.82,3,1,0,90710.89,1
10621,734,France,Male,56,2,182092.71,3,1,1,83254.98,0
10622,621,Germany,Male,26,8,86451.52,2,0,0,183929.08,0
10623,538,France,Male,23,4,167773.29,1,1,0,154767.53,0
10624,836,Spain,Female,40,7,201357.51,3,0,0,105971.96,0
10625,541,Germany,Male,76,6,236689.06,2,1,1,197790.41,1
10626,796,Germany,Male,63,7,100053.07,4,0,1,98402.73,1
10627,418,France,Male,55,6,195824.5,3,0,0,21065.19,1
10628,627,Germany,Male,31,2,66482.11,2,1,0,59832.12,0
10629,698,Germany,Male,89,1,247583.08,3,1,0,92853.39,1
10630,596,Spain,Male,79,6,6442.4,1,1,1,39811.5,0
10631,800,Germany,Male,52,2,150882.2,1,1,1,190037.37,0
10632,425,Spain,Female,36,2,164876.5,4,0,0,155701.29,0
10633,503,France,Female,47,1,172011.39,3,0,1,60974.57,0
10634,493,Germany,Male,42,3,30096.89,2,0,1,122252.86,0
10635,784,Spain,Female,57,7,234632.45,4,1,1,147075.34,1
10636,834,France,Female,31,0,45295.82,3,0,1,188843.0,0
10637,435,Germany,Female,43,0,155688.35,4,1,0,177510.72,1
10638,534,France,Female,39,4,55669.02,2,1,1,107886.52,0
10639,634,Germany,Male,65,4,76804.1,4,0,1,157184.0,1
10640,811,France,Female,68,0,136614.64,4,1,0,116807.5,1
10641,569,France,Female,20,5,104298.35,4,0,0,115013.74,0
10642,418,Spain,Female,59,0,40056.4,3,1,1,31800.97,0
10643,396,France,Male,36,4,42734.1,2,0,1,33966.16,0
10644,846,Germany,Male,90,8,104536.2,1,1,0,110611.39,1
10645,443,Germany,Male,45,4,189320.74,3,0,0,61083.69,1
10646,587,Spain,Male,62,5,224491.16,1,0,0,13997.01,0
10647,795,Germany,Male,88,7,21031.92,1,1,1,147339.45,0
10648,849,Germany,Male,80,0,98275.98,3,1,1,16172.45,1
10649,802,Germany,Male,90,1,25061.39,3,0,0,123102.6,1
10650,553,France,Female,36,8,4148.12,2,1,1,112446.82,0
10651,749,France,Female,64,2,165429.67,2,1,0,194074.79,0
10652,567,Germany,Female,31,5,150612.36,4,1,1,102000.5,0
10653,823,Spain,Male,55,4,40754.78,1,0,0,22084.27,0
10654,781,France,Male,70,1,58453.21,2,0,0,114820.71,1
10655,690,Spain,Male,78,6,5926.94,4,1,1,169808.27,1
10656,388,Germany,Male,53,3,208736.8,2,1,1,199401.36,0
10657,449,Germany,Male,57,0,243672.65,3,0,1,91765.2,1
10658,638,France,Female,47,3,33864.88,2,1,1,70856.76,0
10659,603,Germany,Female,26,5,57868.8,1,0,1,182264.13,0
10660,571,France,Male,81,6,217102.38,2,1,1,46336.0,0
10661,706,Germany,Male,50,6,231615.95,1,1,0,126931.49,0
10662,372,Germany,Male,69,6,104906.85,3,1,1,87085.74,1
10663,599,France,Male,31,2,12655.62,1,0,0,17805.65,0
10664,359,France,Female,70,5,9847.96,2,0,0,75984.81,0
10665,595,France,Male,76,7,143487.47,4,0,1,60393.42,0
10666,674,Germany,Male,58,3,98223.78,3,0,0,140357.32,1
10667,449,Germany,Male,85,7,7163.11,2,1,0,190270.19,1
10668,639,Spain,Male,85,1,145813.1,3,1,1,60928.97,0
10669,529,France,Female,25,9,2825.63,3,0,1,164178.53,0
10670,572,Germany,Male,19,8,196842.99,2,1,1,20518.37,0
10671,743,Germany,Male,58,8,76608.21,2,1,0,112242.99,1
10672,599,France,Female,72,7,10064.5,4,0,1,23404.51,0
10673,496,Spain,Female,33,9,147088.06,3,1,1,187466.27,0
10674,791,France,Female,79,9,99421.1,3,1,1,155606.74,0
10675,445,Spain,Male,65,0,243450.1,2,0,1,135010.48,0
10676,606,Germany,Male,47,1,136049.67,1,1,0,166540.31,0
10677,674,Spain,Female,29,5,68809.8,2,1,1,133028.76,0
10678,842,Germany,Female,52,9,177359.72,3,1,0,194099.44,1
10679,353,France,Female,28,4,67873.0,2,0,1,145652.01,0
10680,365,France,Female,81,8,226060.82,4,0,0,185685.14,1
10681,629,France,Female,67,4,93680.49,1,1,0,108255.06,0
10682,685,Spain,Female,38,1,137467.14,2,1,0,32242.24,0
10683,596,Germany,Male,86,9,12643.28,4,1,1,110353.77,1
10684,607,France,Male,65,3,106530.31,3,0,0,34105.84,1
10685,846,France,Male,37,8,208090.88,2,0,1,122573.76,0
10686,825,Germany,Female,84,0,201412.2,3,0,1,101673.68,1
10687,733,France,Female,61,0,56079.64,4,1,1,128289.33,1
10688,509,Germany,Female,50,6,56519.77,3,1,1,11908.93,1
10689,824,Germany,Female,90,2,204326.33,4,1,1,47019.69,1
10690,689,Germany,Female,78,9,232599.61,4,1,0,103352.78,1
10691,501,Germany,Female,26,1,23840.23,4,1,1,190595.68,1
10692,745,Germany,Male,85,8,112514.66,2,0,0,82885.72,1
10693,527,Spain,Male,52,2,84363.57,3,1,0,90630.68,1
10694,512,France,Female,82,1,217672.11,3,1,0,145792.26,1
10695,729,Spain,Male,25,7,20881.23,1,1,0,124720.62,0
10696,382,France,Female,62,9,52781.49,1,0,0,66795.97,1
10697,766,Spain,Male,64,5,188117.08,1,1,0,88055.12,0
10698,794,Germany,Female,57,5,12823.46,1,0,0,51362.96,1
10699,528,France,Female,71,9,123133.85,3,0,1,193544.08,1
10700,776,France,Male,63,6,110526.76,4,0,0,34820.53,1
10701,450,Spain,Male,64,6,83600.29,4,0,1,80648.99,1
10702,617,Spain,Female,32,5,98643.08,2,0,0,14909.4,0
10703,672,France,Female,36,3,132485.15,4,1,0,52138.1,0
10704,414,Spain,Male,43,8,40341.84,3,1,0,158289.52,1
10705,766,Spain,Male,69,5,142998.97,3,0,0,48223.29,1
10706,517,Spain,Female,39,3,201358.08,3,0,1,25212.05,0
10707,679,Germany,Male,38,2,190040.23,2,0,1,100146.1,0
10708,392,Germany,Female,68,3,38474.98,1,1,1,11894.15,1
10709,393,Spain,Female,55,2,37312.37,4,1,0,26105.57,1
10710,634,Spain,Female,37,1,67043.59,3,0,0,163448.92,0
10711,746,Germany,Female,46,4,90268.68,3,1,0,156579.94,1
10712,361,Germany,Male,68,1,102113.9,1,1,1,183876.38,0
10713,444,France,Male,21,5,169924.3,3,0,0,172357.93,0
10714,651,France,Male,72,2,14170.11,4,0,1,139803.36,1
10715,735,Germany,Male,88,5,8668.18,2,1,1,19943.24,1
10716,602,Spain,Male,45,9,97977.64,3,1,0,158741.24,0
10717,848,Spain,Male,21,8,174290.92,4,1,0,170647.05,0
10718,591,Spain,Male,39,0,48358.84,3,0,1,161825.61,0
10719,384,Spain,Female,62,5,160376.12,1,0,1,106611.02,0
10720,564,France,Male,84,8,64957.03,3,0,1,54251.35,1
10721,686,Germany,Male,83,3,221521.53,3,1,0,170612.7,1
10722,439,Spain,Female,51,1,223922.49,2,1,0,148160.93,0
10723,613,France,Male,72,3,74321.8,1,0,0,196344.62,1
10724,442,Spain,Male,18,0,57498.44,1,1,0,39581.59,0
10725,759,Germany,Female,89,2,102825.99,2,0,0,52876.27,1
10726,807,France,Male,55,9,60132.9,3,1,0,50241.65,1
10727,439,Germany,Male,23,8,168095.96,4,0,1,160582.56,0
10728,767,Germany,Male,42,9,206516.17,1,1,1,45512.39,0
10729,464,France,Female,34,4,168273.03,1,1,1,22665.37,0
10730,454,France,Male,78,5,206087.61,3,0,0,199726.55,1
10731,740,France,Male,29,2,99248.04,3,0,1,14715.27,0
10732,545,France,Female,23,4,39079.24,1,0,0,168696.37,0
10733,663,France,Male,44,7,184487.74,3,0,0,79419.7,0
10734,463,France,Female,25,5,90118.63,4,0,1,169906.94,0
10735,842,France,Female,82,3,167817.71,1,1,0,115377.89,0
10736,424,Spain,Male,74,1,67660.99,4,0,1,181309.93,1
10737,762,Germany,Female,57,8,20307.41,4,0,1,185976.67,1
10738,725,France,Female,31,0,248145.45,3,0,0,11728.65,0
10739,769,Spain,Male,52,0,39050.38,4,0,1,24328.31,1
10740,566,Spain,Female,65,3,247105.25,3,0,1,57568.16,0
10741,626,Spain,Female,73,6,244319.98,2,1,1,137169.93,0
10742,598,Germany,Male,66,0,198454.53,3,0,1,178771.72,1
10743,513,France,Male,30,8,164855.74,4,0,0,97388.97,0
10744,743,Spain,Male,78,3,144451.76,2,0,1,125324.89,0
10745,706,Germany,Female,66,2,216525.39,3,1,1,45814.97,1
10746,806,Germany,Male,63,0,72359.88,4,1,1,162943.7,1
10747,757,Germany,Female,79,9,116920.3,1,0,0,193792.34,1
10748,541,Spain,Female,25,3,154847.49,1,0,1,61033.8,0
10749,576,France,Female,60,8,102797.62,3,1,0,104016.93,1
10750,526,Spain,Female,37,9,106871.61,3,1,1,26362.06,0
10751,448,Spain,Female,56,5,82571.17,1,1,1,116235.96,0
10752,845,France,Female,66,5,141057.95,4,0,1,105528.85,0
10753,385,France,Female,81,0,212643.63,4,0,0,37442.93,1
10754,815,France,Male,79,9,50382.09,4,1,0,93992.58,1
10755,846,Germany,Male,71,1,233608.26,3,0,0,73479.88,1
10756,836,France,Female,26,5,172271.91,2,1,0,109147.87,0
10757,445,Spain,Female,54,1,205818.3,2,1,0,121274.32,0
10758,501,France,Male,66,2,139047.67,2,1,0,11614.16,0
10759,500,Spain,Female,58,3,194879.18,2,0,1,154591.14,0
10760,539,Germany,Male,34,4,4050.1,2,1,0,145472.72,0
10761,573,Spain,Male,38,8,204595.11,3,1,1,79594.41,0
10762,386,Spain,Male,68,3,10034.71,3,0,0,20057.83,1
10763,617,France,Female,76,8,222478.34,2,1,0,153437.18,0
10764,718,France,Female,56,9,247990.69,3,0,0,191483.28,1
10765,532,Spain,Male,72,2,73516.87,3,1,1,55628.8,1
10766,362,France,Male,58,7,52579.64,2,0,0,71469.68,0
10767,628,Germany,Male,56,0,191340.84,4,1,0,44924.45,1
10768,566,Germany,Male,30,8,63256.59,3,1,1,119617.86,1
10769,704,France,Male,81,8,216390.6,4,1,1,39419.86,0
10770,710,Germany,Female,28,9,25710.65,3,1,1,77676.85,0
10771,635,France,Male,36,1,31488.8,3,1,1,142432.47,0
10772,622,Spain,Female,28,3,244787.89,2,0,0,116422.04,0
10773,718,Spain,Male,63,7,168459.72,3,0,1,83427.89,1
10774,411,Germany,Female,62,6,211721.81,1,1,0,89847.42,1
10775,433,France,Female,18,0,81082.34,1,1,0,116801.07,0
10776,717,France,Female,57,4,169120.94,2,1,1,11114.3,0
10777,566,Germany,Female,36,6,148560.46,4,0,0,24916.88,1
10778,691,Spain,Female,89,3,150787.53,4,0,1,177439.03,0
10779,746,Germany,Female,89,0,170633.11,4,1,0,24797.01,1
10780,536,Spain,Male,78,8,143839.79,1,0,1,144292.68,0
10781,368,France,Female,29,4,107265.59,4,1,1,184807.25,0
10782,526,Spain,Male,78,1,68980.67,4,1,1,61429.88,0
10783,449,Germany,Female,50,7,192145.33,2,1,1,80393.37,0
10784,745,France,Female,62,1,56568.11,4,0,1,118095.07,1
10785,794,Germany,Male,86,2,173088.58,1,1,1,177524.7,0
10786,582,Germany,Female,25,9,58333.21,1,1,0,188962.06,0
10787,752,Spain,Male,42,0,156332.54,1,1,0,150517.02,0
10788,425,Germany,Male,63,1,186769.57,2,0,0,26457.75,1
10789,614,Spain,Male,47,6,54678.47,2,0,1,137139.29,0
10790,804,France,Male,64,9,14985.83,3,0,0,87957.71,1
10791,633,Spain,Female,66,1,32743.44,4,1,1,99433.19,1
10792,555,France,Female,64,5,151499.24,2,0,0,19338.19,0
10793,572,Spain,Male,35,2,212361.6,1,1,0,46301.81,0
10794,733,Germany,Female,83,3,11249.21,1,0,1,160197.59,0
10795,401,Spain,Female,85,7,183537.81,2,1,0,96252.18,0
10796,688,Spain,Male,50,2,85329.66,2,0,0,67315.83,0
10797,716,France,Female,53,9,119632.09,2,1,0,82963.62,0
10798,493,Germany,Male,36,5,232214.89,3,0,1,172335.91,0
10799,722,Spain,Male,45,0,82992.88,1,0,0,152309.81,0
10800,418,Germany,Female,57,6,116334.23,3,0,1,61739.93,1
10801,448,Spain,Female,32,7,3420.6,3,1,0,32325.35,0
10802,745,Spain,Female,58,7,20399.68,4,0,0,57879.66,1
10803,374,Germany,Male,56,2,64647.9,1,0,0,184943.73,1
10804,785,Spain,Male,19,9,6963.06,1,0,0,120501.88,0
10805,728,Germany,Female,80,0,157843.83,2,0,1,111361.24,1
10806,818,Spain,Female,46,8,106599.59,2,1,0,123314.78,0
10807,833,France,Female,91,5,137036.3,4,0,1,79545.37,1
10808,402,Germany,Female,83,8,43661.8,3,1,1,163350.33,1
10809,500,Spain,Male,68,6,73983.01,2,1,0,109424.39,0
10810,493,Spain,Female,27,0,165956.12,2,1,0,32182.1,0
10811,406,France,Male,31,0,241325.68,1,1,1,34522.37,0
10812,388,Germany,Male,68,5,12604.19,1,0,1,112003.24,0
10813,458,Spain,Female,90,4,222596.08,2,1,0,187948.34,0
10814,530,France,Female,56,8,144220.3,1,1,0,68586.9,0
10815,391,Spain,Female,45,1,140979.89,4,1,0,175212.82,0
10816,535,Germany,Male,20,7,125069.63,2,1,0,155178.16,0
10817,772,Spain,Female,87,4,17348.52,1,0,0,57084.36,0
10818,747,Spain,Female,44,1,22469.21,4,0,1,16904.74,0
10819,572,Spain,Male,19,9,150228.0,1,1,0,29350.98,0
10820,471,Spain,Female,55,5,85239.64,1,1,0,148413.85,0
10821,482,France,Male,20,9,229317.02,1,1,1,47937.25,0
10822,512,France,Female,33,7,101647.63,2,0,0,80541.47,0
10823,564,Germany,Male,57,3,35820.36,3,0,0,105322.84,1
10824,570,France,Female,19,1,178679.71,1,0,1,147838.95,0
10825,584,France,Female,58,4,73338.36,4,0,0,31513.93,1
10826,680,Germany,Male,29,1,131367.58,2,0,1,87209.62,0
10827,495,France,Male,52,1,174458.2,2,1,0,102163.85,0
10828,588,France,Female,82,5,225066.03,4,0,0,112757.14,1
10829,425,Germany,Male,72,9,198047.8,1,0,0,165488.52,1
10830,358,Germany,Male,62,8,169090.27,3,1,1,42618.86,1
10831,423,Germany,Male,79,3,169908.3,1,0,1,163487.98,1
10832,791,Spain,Male,66,5,236481.16,4,0,1,141646.9,0
10833,841,Spain,Female,42,6,73956.02,2,0,1,115615.45,0
10834,750,Germany,Female,40,5,278.02,3,1,0,142910.3,1
10835,602,Germany,Male,41,7,67988.64,2,0,1,88283.37,0
10836,579,Germany,Male,55,3,54472.84,4,1,1,36295.54,1
10837,356,Spain,Male,45,0,165458.65,1,1,1,136495.4,0
10838,523,Spain,Male,38,6,158427.9,3,0,0,109687.74,0
10839,490,France,Female,71,2,148365.35,2,0,0,131481.21,0
10840,517,France,Female,35,5,4060.86,2,0,1,74219.77,0
10841,519,Germany,Male,53,1,182194.51,2,0,1,182304.65,0
10842,742,Spain,Male,62,8,80882.6,1,1,0,121600.28,0
10843,783,Spain,Male,90,0,166264.0,3,0,1,26226.47,1
10844,632,Spain,Female,70,5,139144.61,1,1,1,95462.76,0
10845,471,Germany,Male,47,5,85682.73,1,1,1,153707.65,0
10846,543,France,Female,77,4,33644.07,1,1,1,160885.57,0
10847,354,Germany,Male,49,4,23604.72,4,1,0,103973.44,1
10848,378,France,Female,84,0,207879.58,4,1,0,180002.04,1
10849,514,France,Male,84,9,229599.39,4,0,0,60857.0,1
10850,771,Germany,Female,45,4,162447.01,3,1,1,88013.75,0
10851,688,France,Male,61,1,25858.53,1,1,1,180733.41,0
10852,485,France,Male,58,6,100506.8,1,0,0,180288.78,0
10853,845,Spain,Male,80,2,182234.8,4,0,0,140285.43,1
10854,714,France,Female,40,3,194955.22,1,1,0,173206.3,0
10855,670,Germany,Male,65,2,29554.66,1,1,1,26866.92,0
10856,691,Germany,Female,49,2,7.68,2,0,0,174349.05,0
10857,849,France,Female,74,3,178034.26,1,1,1,70917.78,0
10858,494,Spain,Male,50,4,89149.04,2,0,1,43882.99,0
10859,676,Spain,Male,41,0,63620.33,1,0,0,55480.27,0
10860,566,France,Male,56,3,3224.37,3,1,0,89414.02,1
10861,650,France,Female,51,7,135074.85,4,0,1,57726.48,1
10862,481,Germany,Male,73,9,212787.68,2,1,0,70907.84,1
10863,641,France,Female,45,6,239407.91,4,1,0,35645.91,0
10864,419,Spain,Female,54,8,141436.24,2,1,1,66273.59,0
10865,601,France,Male,24,4,128615.33,2,0,1,118733.92,0
10866,764,Germany,Male,85,9,21264.1,2,1,1,93952.2,0
10867,624,Germany,Male,54,3,137218.2,3,0,1,75876.56,1
10868,794,Germany,Male,73,7,94994.77,1,1,1,151825.9,0
10869,713,Germany,Male,82,8,151783.82,2,1,0,179766.89,1
10870,531,Germany,Male,82,6,97181.59,3,0,1,153789.95,1
10871,516,France,Female,64,6,60074.78,2,1,1,73080.13,0
10872,440,France,Female,37,4,23741.32,1,1,1,151444.01,0
10873,551,France,Female,36,3,78729.61,2,0,0,38876.23,0
10874,695,France,Male,46,9,24161.21,3,0,1,34760.42,0
10875,368,Germany,Female,91,0,44224.24,1,0,1,75669.14,0
10876,388,Spain,Female,77,9,246834.04,3,1,1,163463.45,1
10877,475,France,Female,35,9,111025.89,1,0,0,56806.17,0
10878,800,Spain,Female,52,6,132967.94,1,0,1,22018.15,0
10879,522,France,Female,60,0,218404.63,4,1,1,35024.81,0
10880,490,France,Male,28,0,248892.23,4,0,1,173161.54,0
10881,591,Spain,Male,66,4,145678.61,4,1,0,130418.82,1
10882,569,Germany,Female,55,8,203118.46,1,1,0,58108.22,1
10883,475,France,Female,81,5,81735.26,2,0,0,115506.21,1
10884,407,France,Female,86,2,76435.99,3,1,0,110240.13,1
10885,497,France,Male,25,2,100675.93,3,0,1,134532.84,0
10886,825,Spain,Male,51,6,168126.82,3,0,1,54305.64,1
10887,805,Germany,Female,65,5,170547.92,4,0,0,174236.57,1
10888,666,Spain,Male,73,8,78809.86,1,0,0,68780.03,0
10889,732,Spain,Male,82,5,33302.48,4,1,1,141885.01,0
10890,710,Germany,Female,48,4,158099.06,2,1,1,13063.68,0
10891,772,Spain,Male,21,9,32081.47,1,0,0,80804.85,0
10892,350,Germany,Male,67,6,144623.13,3,0,0,76824.87,1
10893,736,France,Female,86,0,173355.53,4,1,0,113262.04,1
10894,810,Germany,Male,47,6,175152.87,4,0,0,23819.89,1
10895,697,France,Male,76,2,188368.03,2,1,1,160124.96,0
10896,539,Spain,Female,84,8,218214.86,2,0,0,51378.35,0
10897,540,Spain,Male,62,5,124989.75,4,1,0,138637.18,1
10898,718,France,Male,21,8,182562.3,2,1,1,162610.3,0
10899,758,Spain,Female,43,4,154793.18,3,1,1,116756.62,0
10900,661,Germany,Female,44,6,46659.98,2,0,1,150767.81,0
10901,766,France,Female,63,3,6422.41,2,0,1,135753.46,0
10902,771,Spain,Male,81,6,71135.35,4,0,1,77550.66,1
10903,466,France,Female,68,0,110758.43,4,0,0,163683.12,1
10904,483,Germany,Male,67,6,154276.49,1,0,0,65993.26,1
10905,407,Germany,Female,23,7,212489.83,1,1,0,118530.45,0
10906,393,Spain,Male,76,4,49061.43,4,1,1,151625.57,1
10907,522,Germany,Female,32,1,31387.45,2,1,0,82001.62,0
10908,509,France,Female,47,4,240869.99,2,1,1,67525.85,0
10909,522,Germany,Female,59,5,27011.14,1,1,0,97275.74,1
10910,666,France,Female,54,1,119622.77,1,1,0,165413.06,0
10911,652,France,Male,59,5,146390.93,1,1,1,186685.13,0
10912,498,Germany,Female,52,5,135343.61,3,0,1,113565.85,1
10913,429,Spain,Female,23,0,21508.04,3,1,0,135678.58,0
10914,723,Germany,Male,85,0,14256.73,1,0,0,181621.99,1
10915,562,France,Female,35,9,26370.86,2,1,0,28723.9,0
10916,552,France,Male,90,2,146396.92,1,1,0,54094.93,0
10917,601,Germany,Female,46,9,136086.22,3,0,0,144691.0,1
10918,578,Spain,Female,76,9,58435.2,2,1,1,166511.45,0
10919,513,Spain,Female,64,2,159443.54,3,0,1,172835.52,0
10920,576,France,Male,34,3,205016.88,2,1,1,88870.36,0
10921,496,France,Female,39,1,10394.74,3,0,1,26974.58,0
10922,369,Spain,Female,85,8,124532.49,2,1,0,93178.48,0
10923,790,Germany,Female,86,9,172327.6,2,0,0,53839.57,1
10924,751,France,Male,54,6,63077.98,2,0,1,65327.33,0
10925,396,France,Male,66,6,76942.73,2,1,0,156730.84,0
10926,582,Spain,Female,30,5,153409.48,4,1,1,24350.15,0
10927,654,Germany,Male,51,2,224483.82,3,0,0,167240.43,1
10928,363,Spain,Female,70,5,202481.11,3,1,0,91257.13,1
10929,492,Germany,Female,68,7,145782.55,4,0,0,123252.15,1
10930,764,Germany,Female,20,7,182555.43,2,1,1,27033.92,0
10931,350,Germany,Female,59,8,91205.62,2,0,1,74098.22,0
10932,722,France,Female,49,0,160241.38,3,1,1,27043.17,0
10933,403,Spain,Female,68,0,116545.4,4,0,1,192693.31,1
10934,723,Spain,Female,63,2,47484.03,2,1,0,163379.71,0
10935,608,Germany,Male,38,2,175434.57,2,0,0,97330.22,0
10936,493,France,Male,61,9,139116.16,2,0,0,52484.48,0
10937,820,France,Male,28,7,89655.4,1,1,0,187356.47,0
10938,790,Spain,Male,85,9,227834.8,4,1,1,75473.35,0
10939,808,France,Male,18,0,5233.53,2,0,0,40587.04,0
10940,361,France,Male,80,1,78943.29,1,0,0,117001.23,0
10941,679,Germany,Male,41,1,14220.35,4,0,0,189317.08,1
10942,573,France,Female,30,2,191631.83,2,0,1,10727.76,0
10943,621,Germany,Female,28,5,175526.86,3,1,1,55243.72,0
10944,805,Spain,Female,68,0,82838.05,1,0,1,188305.05,0
10945,707,France,Female,34,1,168915.73,1,0,0,42506.33,0
10946,809,Spain,Male,41,0,98984.31,2,0,1,31516.26,0
10947,757,Spain,Male,36,4,189063.45,2,1,0,118335.57,0
10948,505,France,Female,54,6,113545.92,1,0,0,173750.33,0
10949,722,France,Female,25,7,103069.93,3,1,0,100650.87,0
10950,357,Spain,Male,45,9,233682.48,3,1,1,198967.21,0
10951,471,France,Female,22,0,62719.77,4,1,1,139042.62,0
10952,697,Germany,Female,34,6,30111.83,2,1,0,24074.23,0
10953,513,Germany,Female,53,4,146135.78,3,1,0,198638.11,1
10954,439,France,Female,36,9,242330.45,4,1,1,87499.9,0
10955,485,Spain,Male,81,0,94459.8,3,1,1,64606.48,1
10956,535,France,Female,28,2,15509.19,2,0,1,115997.04,0
10957,665,France,Female,71,6,84826.32,4,0,0,67818.44,1
10958,527,Spain,Male,62,9,126482.91,4,1,0,26426.93,1
10959,377,Spain,Male,64,0,40480.75,4,0,0,10271.39,1
10960,569,Germany,Female,29,6,164525.55,3,0,1,95420.84,0
10961,706,Spain,Male,38,4,249437.35,2,1,1,169004.05,0
10962,390,Germany,Female,28,0,112934.87,4,0,1,118739.89,0
10963,577,Spain,Female,22,0,88682.14,1,1,0,199849.39,0
10964,541,France,Male,73,0,100176.04,2,0,0,64500.86,1
10965,760,Germany,Female,37,8,28786.54,1,1,1,63286.46,0
10966,796,Germany,Female,58,2,220818.4,1,1,0,40352.4,1
10967,494,Germany,Female,63,4,103706.41,4,0,1,41172.08,1
10968,550,France,Female,29,9,96818.6,4,0,0,64185.45,0
10969,766,France,Male,87,8,164922.57,3,1,1,160639.61,1
10970,561,France,Male,34,5,110508.36,3,1,0,182093.79,0
10971,810,France,Female,36,8,162058.37,3,1,0,195266.56,1
10972,569,France,Male,43,7,15361.57,2,0,1,54135.03,0
10973,589,Germany,Female,65,7,203430.84,3,0,1,177446.53,1
10974,762,France,Female,69,0,235125.99,1,0,1,72368.47,0
10975,746,Germany,Female,87,8,162191.35,3,0,1,31439.7,1
10976,395,France,Female,72,5,238641.48,4,1,1,175304.74,1
10977,384,Spain,Female,50,8,37858.08,3,1,0,130860.07,0
10978,602,Germany,Male,79,2,119354.05,2,1,1,41298.87,0
10979,739,Spain,Female,40,2,150451.68,2,1,1,91667.94,0
10980,431,Germany,Male,32,5,145434.16,1,0,1,64578.96,0
10981,720,Spain,Male,44,8,100365.44,2,1,0,149990.97,0
10982,605,France,Female,81,6,84521.1,3,1,1,96149.08,0
10983,546,France,Female,68,2,31706.01,4,0,1,197963.19,0
10984,652,France,Female,70,2,97935.61,2,0,1,20401.55,0
10985,758,Germany,Female,68,1,40665.2,1,1,0,77452.9,1
10986,799,Spain,Female,64,8,183591.42,3,0,0,101561.03,1
10987,359,France,Male,21,2,52207.73,1,1,1,105595.38,0
10988,661,Spain,Female,24,4,14641.33,2,0,0,70027.81,0
10989,635,Spain,Female,52,8,138091.53,2,0,1,148555.65,0
10990,591,France,Male,65,7,148807.43,1,1,0,176201.94,0
10991,600,France,Male,90,1,217978.27,3,0,1,188356.67,1
10992,714,Spain,Female,89,2,144245.4,2,1,0,162967.74,0
10993,354,France,Male,62,1,86370.21,4,0,1,171610.24,0
10994,468,France,Female,89,7,200752.97,2,0,1,114603.61,0
10995,638,France,Male,36,5,135069.72,3,0,0,166918.76,0
10996,723,Germany,Male,80,5,19820.07,2,0,1,67665.74,0
10997,414,Spain,Female,55,8,141462.64,1,0,1,85710.96,0
10998,495,Spain,Male,84,7,227004.64,2,1,1,70213.47,0
10999,573,Germany,Male,76,3,99078.16,2,0,1,98803.59,0
11000,588,Spain,Male,86,3,74081.45,3,1,0,64260.13,1
